Workbook

Sheet Dashboard
B2: NetSage AI — Project Dashboard
B3: Junior-engineer troubleshooting assistant with mandatory human review
B5: Total Cases | C5: Accepted | D5: Edited | E5: Rejected | F5: AI Agreement Rate | G5: Rule-Checker Clean Rate
B6: =COUNTA(Cases!A2:A31) -> 30 | C6: =COUNTIF(Human_Review!B2:B31,"Accepted") -> 18 | D6: =COUNTIF(Human_Review!B2:B31,"Edited") -> 6 | E6: =COUNTIF(Human_Review!B2:B31,"Rejected") -> 6 | F6: =COUNTIF(Human_Review!B2:B31,"Accepted")/COUNTA(Human_Review!B2:B31) -> 0.6 | G6: =COUNTIF(Rule_Checker!J2:J31,TRUE())/COUNTA(Rule_Checker!J2:J31) -> 0.56666667
B10: Cases by Issue Type | F10: Human Review Outcomes
B11: Category | C11: Count | F11: Outcome | G11: Count
B12: ACL | C12: =COUNTIF(Cases!B2:B31,B12) -> 4 | F12: Accepted | G12: =COUNTIF(Human_Review!B2:B31,F12) -> 18
B13: DHCP | C13: =COUNTIF(Cases!B2:B31,B13) -> 4 | F13: Edited | G13: =COUNTIF(Human_Review!B2:B31,F13) -> 6
B14: DNS | C14: =COUNTIF(Cases!B2:B31,B14) -> 4 | F14: Rejected | G14: =COUNTIF(Human_Review!B2:B31,F14) -> 6
B15: Gateway | C15: =COUNTIF(Cases!B2:B31,B15) -> 4
B16: NAT | C16: =COUNTIF(Cases!B2:B31,B16) -> 3
B17: Routing | C17: =COUNTIF(Cases!B2:B31,B17) -> 4
B18: VLAN | C18: =COUNTIF(Cases!B2:B31,B18) -> 5
B19: Wireless | C19: =COUNTIF(Cases!B2:B31,B19) -> 2
B22: Cases by Severity
B23: Severity | C23: Count
B24: High | C24: =COUNTIF(Cases!C2:C31,B24) -> 9
B25: Medium | C25: =COUNTIF(Cases!C2:C31,B25) -> 14
B26: Low | C26: =COUNTIF(Cases!C2:C31,B26) -> 7

Sheet Cases
A1: case_id | B1: category | C1: severity | D1: osi_layer | E1: concept_tag | F1: symptom | G1: topology_note | H1: show_output | I1: expected_fault | J1: host_ip | K1: host_mask | L1: gateway_ip_configured | M1: router_interface_ip | N1: router_interface_mask | O1: interface_status | P1: vlan_assigned_on_port | Q1: vlan_exists_on_switch | R1: route_to_dest_present | S1: duplicate_ip_flag
A2: C001 | B2: VLAN | C2: High | D2: Layer 2 | E2: vlan-port-mismatch | F2: PC1 in office VLAN 10 cannot ping PC2 in the same office, both on SW1. | G2: SW1 access ports Fa0/1 (PC1) and Fa0/2 (PC2), both meant to be VLAN 10. | H2: show vlan brief: VLAN10 ACTIVE Fa0/1; Fa0/2 NOT listed under VLAN10, shows under VLAN1. show run int fa0/2: switchport access vlan 1. | I2: Fa0/2 was left in default VLAN 1 instead of being assigned to VLAN 10, so PC2 is on a different broadcast domain than PC1. | J2: 10.10.10.11 | K2: 255.255.255.0 | L2: 10.10.10.1 | M2: 10.10.10.1 | N2: 255.255.255.0 | O2: up/up | P2: 1 | Q2: 10 | R2: n/a | S2: =FALSE() -> FALSE
A3: C002 | B3: VLAN | C3: Medium | D3: Layer 2 | E3: vlan-not-created | F3: Two new PCs on SW2 cannot reach anything, including each other. | G3: Ports Fa0/5 and Fa0/6 were configured for VLAN 30 (new Sales VLAN). | H3: show vlan brief: VLAN30 does not appear in the table at all. show run int fa0/5: switchport access vlan 30 (command accepted, but vlan 30 was never created with 'vlan 30' global command). | I3: VLAN 30 was assigned to ports but never created on the switch, so those ports are effectively inactive/blackholed. | J3: 10.10.30.10 | K3: 255.255.255.0 | L3: 10.10.30.1 | M3: 10.10.30.1 | N3: 255.255.255.0 | O3: up/up | P3: 30 | Q3: none | R3: n/a | S3: =FALSE() -> FALSE
A4: C003 | B4: VLAN | C4: Medium | D4: Layer 2 | E4: trunk-native-vlan-mismatch | F4: VLAN 20 devices on SW1 can reach the router but VLAN 20 devices on SW2 cannot. | G4: SW1-SW2 link is a trunk carrying VLAN 10/20/30. | H4: SW1 show int trunk: Fa0/24 native vlan 1. SW2 show int trunk: Fa0/24 native vlan 99. CDP native VLAN mismatch warning logged. | I4: Native VLAN mismatch on the trunk (VLAN 1 vs VLAN 99) is causing VLAN 20 traffic to be mishandled across the trunk. | J4: 10.10.20.15 | K4: 255.255.255.0 | L4: 10.10.20.1 | M4: 10.10.20.1 | N4: 255.255.255.0 | O4: up/up | P4: 20 | Q4: 20 | R4: n/a | S4: =FALSE() -> FALSE
A5: C004 | B5: VLAN | C5: Low | D5: Layer 2 | E5: vlan-port-mismatch | F5: Printer on Fa0/8 is unreachable from the Accounting VLAN. | G5: Printer should be in VLAN 40 (Accounting) alongside the rest of the department. | H5: show vlan brief: Fa0/8 listed under VLAN 1. show run int fa0/8: no switchport access vlan command present (still default). | I5: Fa0/8 was never explicitly assigned to VLAN 40 and is still sitting in default VLAN 1. | J5: 10.10.40.50 | K5: 255.255.255.0 | L5: 10.10.40.1 | M5: 10.10.40.1 | N5: 255.255.255.0 | O5: up/up | P5: 1 | Q5: 40 | R5: n/a | S5: =FALSE() -> FALSE
A6: C005 | B6: VLAN | C6: High | D6: Layer 2 | E6: vlan-interface-shutdown | F6: Entire VLAN 10 subnet is unreachable from every other VLAN. | G6: Router-on-a-stick with subinterfaces per VLAN on Gi0/0. | H6: show ip interface brief: Gi0/0.10 10.10.10.1 administratively down. show run: interface Gi0/0.10 ... shutdown. | I6: The VLAN 10 router subinterface (Gi0/0.10) is administratively shut down, taking the whole VLAN off the network. | J6: 10.10.10.25 | K6: 255.255.255.0 | L6: 10.10.10.1 | M6: 10.10.10.1 | N6: 255.255.255.0 | O6: administratively down | P6: 10 | Q6: 10 | R6: n/a | S6: =FALSE() -> FALSE
A7: C006 | B7: Gateway | C7: High | D7: Layer 3 | E7: gateway-wrong-subnet | F7: PC3 can ping other hosts on its own subnet but nothing off-subnet. | G7: PC3 is on 192.168.5.0/24 behind R1's Gi0/1. | H7: PC3 ipconfig: IP 192.168.5.50/24, gateway 192.168.6.1. R1 show ip int brief: Gi0/1 192.168.5.1/24 up/up. | I7: PC3's default gateway (192.168.6.1) is not on its own subnet and does not match the router's real interface (192.168.5.1). | J7: 192.168.5.50 | K7: 255.255.255.0 | L7: 192.168.6.1 | M7: 192.168.5.1 | N7: 255.255.255.0 | O7: up/up | P7: n/a | Q7: n/a | R7: n/a | S7: =FALSE() -> FALSE
A8: C007 | B8: Gateway | C8: Medium | D8: Layer 3 | E8: gateway-typo | F8: New laptop can ping the router's LAN IP but not the internet or other VLANs. | G8: Static IP was configured by hand on the laptop. | H8: Laptop ipconfig: IP 172.16.1.100/24, gateway 172.16.1.001 (typo, should be .1). Router Gi0/0: 172.16.1.1/24 up/up. | I8: The gateway address was mistyped (172.16.1.001) so it never resolves to the router's real interface. | J8: 172.16.1.100 | K8: 255.255.255.0 | L8: 172.16.1.2 | M8: 172.16.1.1 | N8: 255.255.255.0 | O8: up/up | P8: n/a | Q8: n/a | R8: n/a | S8: =FALSE() -> FALSE
A9: C008 | B9: Gateway | C9: High | D9: Layer 3 | E9: gateway-interface-down | F9: Whole branch office lost connectivity to HQ at the same time. | G9: Branch router R2 Gi0/1 is the LAN gateway for 10.20.0.0/24. | H9: R2 show ip int brief: Gi0/1 10.20.0.1 down/down (line protocol down). show log: %LINK-3-UPDOWN Gi0/1 changed state to down. | I9: The gateway interface Gi0/1 itself is physically/line-protocol down, so no host behind it can reach anything. | J9: 10.20.0.40 | K9: 255.255.255.0 | L9: 10.20.0.1 | M9: 10.20.0.1 | N9: 255.255.255.0 | O9: down/down | P9: n/a | Q9: n/a | R9: n/a | S9: =FALSE() -> FALSE
A10: C009 | B10: Gateway | C10: Medium | D10: Layer 3 | E10: gateway-mask-mismatch | F10: PC5 can reach some hosts on its floor but not the gateway or anything beyond. | G10: Floor uses 192.168.20.0/25 (mask .128), split into two half-subnets. | H10: PC5 ipconfig: IP 192.168.20.10/24 (should be /25). Router Gi0/2: 192.168.20.1/25. | I10: PC5 has the wrong subnet mask (/24 instead of /25), so it thinks the gateway is on-link when it is actually in a different /25 block on the wire. | J10: 192.168.20.10 | K10: 255.255.255.0 | L10: 192.168.20.1 | M10: 192.168.20.1 | N10: 255.255.255.128 | O10: up/up | P10: n/a | Q10: n/a | R10: n/a | S10: =FALSE() -> FALSE
A11: C010 | B11: DHCP | C11: Medium | D11: Layer 3 | E11: dhcp-pool-exhausted | F11: New PCs in the lab get an APIPA 169.254.x.x address instead of a real IP. | G11: Lab VLAN 50 uses DHCP pool LAB50, 50 addresses reserved. | H11: show ip dhcp pool LAB50: leased 50, total 50 (0 available). debug ip dhcp server events: DHCPDISCOVER, no addresses available. | I11: The DHCP scope for VLAN 50 is fully exhausted, so new clients fall back to APIPA. | J11: 169.254.12.34 | K11: 255.255.0.0 | L11: 0.0.0.0 | M11: 10.10.50.1 | N11: 255.255.255.0 | O11: up/up | P11: 50 | Q11: 50 | R11: n/a | S11: =FALSE() -> FALSE
A12: C011 | B12: DHCP | C12: High | D12: Layer 3 | E12: dhcp-excluded-range-wrong | F12: PC gets an IP that collides with the router's own interface address. | G12: Router Gi0/0 is 10.10.60.1, DHCP pool covers 10.10.60.0/24. | H12: show run: ip dhcp excluded-address command is missing for 10.10.60.1-10.10.60.10. show ip dhcp binding: 10.10.60.1 leased to PC-MAC-aa:bb. | I12: The router's own gateway address was never excluded from the DHCP pool, so it was handed out to a client, creating an address conflict. | J12: 10.10.60.1 | K12: 255.255.255.0 | L12: 10.10.60.1 | M12: 10.10.60.1 | N12: 255.255.255.0 | O12: up/up | P12: 60 | Q12: 60 | R12: n/a | S12: =TRUE() -> TRUE
A13: C012 | B13: DHCP | C13: Medium | D13: Layer 3 | E13: dhcp-relay-missing | F13: Clients on a remote VLAN never get an address; DHCP server is centralized on another subnet. | G13: VLAN 70 clients, DHCP server lives on VLAN 1 attached to R1. | H13: R1 show run int vlan70: no ip helper-address configured. debug ip dhcp: no DHCPDISCOVER ever reaches the server interface. | I13: Missing 'ip helper-address' on the VLAN 70 gateway interface means broadcast DHCPDISCOVER packets never reach the remote DHCP server. | J13: 0.0.0.0 | K13: n/a | L13: 10.10.70.1 | M13: 10.10.70.1 | N13: 255.255.255.0 | O13: up/up | P13: 70 | Q13: 70 | R13: =TRUE() -> TRUE | S13: =FALSE() -> FALSE
A14: C013 | B14: DHCP | C14: Low | D14: Layer 3 | E14: dhcp-wrong-default-router-option | F14: Clients get an IP address but internet browsing fails immediately. | G14: DHCP pool LAB80 configured recently by a junior admin. | H14: show run: ip dhcp pool LAB80 ... default-router 10.10.80.254 (router's real interface is 10.10.80.1). | I14: The DHCP pool advertises the wrong default-router option, handing clients a gateway address that does not exist on the segment. | J14: 10.10.80.20 | K14: 255.255.255.0 | L14: 10.10.80.254 | M14: 10.10.80.1 | N14: 255.255.255.0 | O14: up/up | P14: 80 | Q14: 80 | R14: n/a | S14: =FALSE() -> FALSE
A15: C014 | B15: DNS | C15: Medium | D15: Layer 7 | E15: dns-server-unreachable | F15: Users can ping the web server by IP but browsing by hostname fails. | G15: Internal DNS server is 10.10.1.53. | H15: PC nslookup intranet.local: Request timed out. PC ping 10.10.1.53: Request timed out. PC ping 10.10.5.20 (web server IP): success. | I15: The DNS server 10.10.1.53 is unreachable, so name resolution fails even though IP connectivity to the actual service is fine. | J15: 10.10.1.100 | K15: 255.255.255.0 | L15: 10.10.1.1 | M15: 10.10.1.1 | N15: 255.255.255.0 | O15: up/up | P15: 1 | Q15: 1 | R15: =TRUE() -> TRUE | S15: =FALSE() -> FALSE
A16: C015 | B16: DNS | C16: Low | D16: Layer 7 | E16: dns-wrong-server-configured | F16: Only one PC in the lab cannot resolve any hostname; others are fine. | G16: DHCP normally hands out DNS 10.10.1.53, this PC has a static config. | H16: PC ipconfig /all: DNS Server 10.10.1.35 (transposed digits, should be .53). ping 10.10.1.35: Destination host unreachable. | I16: A statically configured DNS server address has a digit transposition (10.10.1.35 vs 10.10.1.53) pointing at a nonexistent host. | J16: 10.10.1.120 | K16: 255.255.255.0 | L16: 10.10.1.1 | M16: 10.10.1.1 | N16: 255.255.255.0 | O16: up/up | P16: 1 | Q16: 1 | R16: =TRUE() -> TRUE | S16: =FALSE() -> FALSE
A17: C016 | B17: DNS | C17: Medium | D17: Layer 7 | E17: dns-acl-blocking-port53 | F17: Branch office cannot resolve HQ hostnames even though the DNS server IP is reachable. | G17: An ACL was recently added to the WAN link for security hardening. | H17: ping 10.10.1.53 from branch: success. nslookup: Request timed out. show access-lists WAN-IN: deny udp any any eq 53 (line 10) present above any permit. | I17: A newly added ACL entry is blocking UDP port 53 (DNS) across the WAN link, even though basic ICMP reachability still works. | J17: 10.30.1.50 | K17: 255.255.255.0 | L17: 10.30.1.1 | M17: 10.30.1.1 | N17: 255.255.255.0 | O17: up/up | P17: n/a | Q17: n/a | R17: =TRUE() -> TRUE | S17: =FALSE() -> FALSE
A18: C017 | B18: DNS | C18: Low | D18: Layer 7 | E18: dns-record-missing | F18: New internal app server can't be reached by name, only by IP. | G18: Server was just deployed at 10.10.9.30. | H18: nslookup appserver.local: Non-existent domain. DNS server show zone internal.local: no A record for appserver. | I18: No DNS A record was ever created for the new server, so the name simply does not exist in the zone. | J18: 10.10.9.30 | K18: 255.255.255.0 | L18: 10.10.9.1 | M18: 10.10.9.1 | N18: 255.255.255.0 | O18: up/up | P18: 9 | Q18: 9 | R18: =TRUE() -> TRUE | S18: =FALSE() -> FALSE
A19: C018 | B19: Routing | C19: High | D19: Layer 3 | E19: missing-route | F19: HQ can ping the branch router's WAN interface but not any branch LAN host. | G19: Branch LAN is 172.20.5.0/24, advertised via static routes at HQ. | H19: HQ show ip route: no entry for 172.20.5.0/24. show run: missing 'ip route 172.20.5.0 255.255.255.0 <branch-wan-ip>' statement. | I19: HQ is missing the static route to the branch LAN subnet (172.20.5.0/24), so return traffic has no path back. | J19: 172.20.5.10 | K19: 255.255.255.0 | L19: 172.20.5.1 | M19: 172.20.5.1 | N19: 255.255.255.0 | O19: up/up | P19: n/a | Q19: n/a | R19: =FALSE() -> FALSE | S19: =FALSE() -> FALSE
A20: C019 | B20: Routing | C20: Medium | D20: Layer 3 | E20: ospf-neighbor-down | F20: Two areas that used to see each other's routes suddenly stopped exchanging routes. | G20: R1 and R2 run OSPF area 0 over a shared /30 link. | H20: R1 show ip ospf neighbor: (empty, no neighbors). show run int Gi0/1: ip ospf 1 area 0 present, but 'ip address' shows a typo'd /29 instead of /30 mask, breaking the adjacency. | I20: A subnet mask mismatch on the OSPF link (/29 vs /30) is preventing the OSPF neighbor adjacency from forming. | J20: n/a | K20: n/a | L20: n/a | M20: 10.1.1.1 | N20: 255.255.255.248 | O20: up/up | P20: n/a | Q20: n/a | R20: =FALSE() -> FALSE | S20: =FALSE() -> FALSE
A21: C020 | B21: Routing | C21: Medium | D21: Layer 3 | E21: wrong-next-hop | F21: Traffic to the internet times out even though the default route exists. | G21: R1 has a static default route pointing to the ISP. | H21: show ip route: S* 0.0.0.0/0 via 203.0.113.254. ping 203.0.113.254: Request timed out (that address is not the ISP's real next hop, which is .254 vs actual .253). | I21: The default route's next-hop IP (203.0.113.254) is wrong; the real ISP hand-off address is 203.0.113.253, so the route points at a dead end. | J21: n/a | K21: n/a | L21: n/a | M21: 203.0.113.1 | N21: 255.255.255.252 | O21: up/up | P21: n/a | Q21: n/a | R21: =TRUE() -> TRUE | S21: =FALSE() -> FALSE
A22: C021 | B22: Routing | C22: High | D22: Layer 3 | E22: asymmetric-routing-acl | F22: Ping between two sites works one way and fails the other way. | G22: Two ISP links provide redundancy; policy routing was recently added. | H22: Traceroute site A to B: completes normally. Traceroute site B to A: dies at the last hop. show route-map POLICY: return path forced out the wrong interface. | I22: A policy-based routing map is sending return traffic out a different, misconfigured interface, creating asymmetric routing that breaks the reverse path. | J22: n/a | K22: n/a | L22: n/a | M22: 198.51.100.1 | N22: 255.255.255.252 | O22: up/up | P22: n/a | Q22: n/a | R22: =TRUE() -> TRUE | S22: =FALSE() -> FALSE
A23: C022 | B23: ACL | C23: High | D23: Layer 3/4 | E23: acl-implicit-deny | F23: HR VLAN can no longer reach the payroll server after a new ACL was applied. | G23: ACL PAYROLL-IN applied inbound on the payroll server's VLAN interface. | H23: show access-lists PAYROLL-IN: permit tcp 10.10.11.0 0.0.0.255 host 10.10.99.5 eq 443 (only). show access-lists hit counts: implicit deny counter incrementing heavily. | I23: The new ACL only permits HTTPS (443) and everything else, including the app's real port (8443), is caught by the implicit deny at the end of the list. | J23: 10.10.11.30 | K23: 255.255.255.0 | L23: 10.10.11.1 | M23: 10.10.11.1 | N23: 255.255.255.0 | O23: up/up | P23: 11 | Q23: 11 | R23: =TRUE() -> TRUE | S23: =FALSE() -> FALSE
A24: C023 | B24: ACL | C24: Medium | D24: Layer 3/4 | E24: acl-order-wrong | F24: A specific host that should be blocked from the server VLAN can still get through. | G24: ACL is supposed to deny host 10.10.12.50 but permit the rest of the subnet. | H24: show access-lists BLOCK-HOST: line 10 permit ip 10.10.12.0 0.0.0.255 any; line 20 deny host 10.10.12.50 any. Deny line never matches because the broader permit is evaluated first. | I24: ACL statement order is wrong: the broad permit for the whole subnet comes before the specific deny, so the deny for 10.10.12.50 never gets evaluated. | J24: 10.10.12.50 | K24: 255.255.255.0 | L24: 10.10.12.1 | M24: 10.10.12.1 | N24: 255.255.255.0 | O24: up/up | P24: 12 | Q24: 12 | R24: =TRUE() -> TRUE | S24: =FALSE() -> FALSE
A25: C024 | B25: ACL | C25: Low | D25: Layer 3/4 | E25: acl-wrong-direction | F25: Outbound web browsing from the lab VLAN works, but nobody outside can reach the lab's test web server. | G25: ACL LAB-ACL was intended to allow inbound HTTP to the test server only. | H25: show run int vlan90: ip access-group LAB-ACL out (applied outbound instead of inbound). show access-lists LAB-ACL: permit tcp any host 10.10.90.20 eq 80. | I25: The ACL was applied in the 'out' direction on the VLAN interface instead of 'in', so it never filters the inbound traffic it was written for. | J25: 10.10.90.20 | K25: 255.255.255.0 | L25: 10.10.90.1 | M25: 10.10.90.1 | N25: 255.255.255.0 | O25: up/up | P25: 90 | Q25: 90 | R25: =TRUE() -> TRUE | S25: =FALSE() -> FALSE
A26: C025 | B26: ACL | C26: Medium | D26: Layer 3/4 | E26: acl-missing-permit-return | F26: Outbound DNS queries from a locked-down VLAN work, but no answers ever come back. | G26: A restrictive numbered ACL only lists specific permits with no 'established' or return-traffic allowance. | H26: show access-lists 101: permit udp 10.10.13.0 0.0.0.255 any eq 53 (outbound only, standard ACL cannot match return traffic by state). | I26: The ACL only permits outbound DNS queries; because it is a standard/stateless list with no matching return-traffic entry, DNS responses are dropped. | J26: 10.10.13.40 | K26: 255.255.255.0 | L26: 10.10.13.1 | M26: 10.10.13.1 | N26: 255.255.255.0 | O26: up/up | P26: 13 | Q26: 13 | R26: =TRUE() -> TRUE | S26: =FALSE() -> FALSE
A27: C026 | B27: NAT | C27: High | D27: Layer 3 | E27: nat-inside-outside-not-set | F27: No internal host can reach the internet even though the default route and ISP link are up. | G27: PAT/NAT overload is configured on R1 for internet access. | H27: show run: ip nat inside source list 1 interface Gi0/0 overload present. show ip interface: Gi0/1 (LAN) NOT marked 'NAT: inside'. Gi0/0 (WAN) NOT marked 'NAT: outside'. | I27: The 'ip nat inside' and 'ip nat outside' interface commands were never applied, so the NAT overload rule has no interfaces to actually translate on. | J27: 192.168.1.50 | K27: 255.255.255.0 | L27: 192.168.1.1 | M27: 192.168.1.1 | N27: 255.255.255.0 | O27: up/up | P27: n/a | Q27: n/a | R27: =TRUE() -> TRUE | S27: =FALSE() -> FALSE
A28: C027 | B28: NAT | C28: Medium | D28: Layer 3 | E28: nat-acl-too-narrow | F28: Only a handful of PCs can browse the internet; the rest of the subnet cannot. | G28: NAT overload uses access-list 1 to define which hosts get translated. | H28: show access-lists 1: permit 192.168.1.0 0.0.0.15 (only covers .0-.15, subnet is actually /24). show ip nat translations: only low-numbered hosts appear. | I28: The NAT source access-list only matches the first 16 addresses of the subnet (wrong wildcard mask), so the rest of the LAN is never translated. | J28: 192.168.1.120 | K28: 255.255.255.0 | L28: 192.168.1.1 | M28: 192.168.1.1 | N28: 255.255.255.0 | O28: up/up | P28: n/a | Q28: n/a | R28: =TRUE() -> TRUE | S28: =FALSE() -> FALSE
A29: C028 | B29: NAT | C29: Low | D29: Layer 3 | E29: nat-port-forward-missing | F29: Internal web server is reachable from inside but not from the internet. | G29: Server should be reachable via a static NAT/port-forward on TCP 80. | H29: show run: no 'ip nat inside source static tcp 10.10.5.20 80 interface Gi0/0 80' entry present. show ip nat translations: no static entries for 10.10.5.20. | I29: No static NAT/port-forward rule exists for the web server, so inbound requests from outside have no translation to reach it. | J29: 10.10.5.20 | K29: 255.255.255.0 | L29: 10.10.5.1 | M29: 10.10.5.1 | N29: 255.255.255.0 | O29: up/up | P29: 5 | Q29: 5 | R29: =TRUE() -> TRUE | S29: =FALSE() -> FALSE
A30: C029 | B30: Wireless | C30: Medium | D30: Layer 2 | E30: wlan-vlan-mapping-wrong | F30: Guest Wi-Fi devices can reach internal file servers, which should never happen. | G30: Guest SSID is supposed to map to VLAN 99, isolated by an ACL. | H30: show wlan 2 (Guest): interface VLAN10 (should be VLAN99). VLAN10 is the trusted internal VLAN with no isolation ACL. | I30: The Guest SSID is mapped to VLAN 10 (internal) instead of VLAN 99 (isolated guest), so guest traffic lands directly on the trusted network. | J30: 10.10.10.90 | K30: 255.255.255.0 | L30: 10.10.10.1 | M30: 10.10.10.1 | N30: 255.255.255.0 | O30: up/up | P30: 10 | Q30: 10 | R30: =TRUE() -> TRUE | S30: =FALSE() -> FALSE
A31: C030 | B31: Wireless | C31: Low | D31: Layer 1/2 | E31: wlan-auth-mismatch | F31: Several students' laptops fail to join the classroom Wi-Fi with an authentication error, others connect fine. | G31: WPA2-Enterprise SSID re-keyed recently for the semester. | H31: WLC client trap log: repeated 802.1X authentication failures for a subset of MAC addresses. Those laptops still have last semester's cached RADIUS credentials/profile. | I31: Affected laptops are using a stale cached Wi-Fi profile with last semester's 802.1X credentials, which no longer match the RADIUS server. | J31: n/a | K31: n/a | L31: n/a | M31: n/a | N31: n/a | O31: up/up | P31: n/a | Q31: n/a | R31: n/a | S31: =FALSE() -> FALSE

Sheet AI_Diagnoses
A1: case_id | B1: root_cause | C1: confidence | D1: osi_layer | E1: evidence | F1: next_command | G1: fix_steps_json
A2: C001 | B2: Fa0/2 is still in default VLAN 1 instead of VLAN 10, splitting PC1 and PC2 into different broadcast domains. | C2: high | D2: Layer 2 | E2: show vlan brief lists Fa0/2 under VLAN1, not VLAN10; show run int fa0/2 confirms 'switchport access vlan 1'. | F2: show vlan brief | G2: ["interface fa0/2", "switchport access vlan 10", "confirm with show vlan brief", "re-test ping PC1 to PC2"]
A3: C002 | B3: VLAN 30 was assigned to ports but never created with the global 'vlan 30' command, so the ports are inactive. | C3: high | D3: Layer 2 | E3: show vlan brief has no VLAN30 entry at all even though fa0/5 is configured with 'switchport access vlan 30'. | F3: show vlan brief | G3: ["vlan 30 (global config)", "name Sales", "exit", "confirm VLAN30 now shows ACTIVE", "re-test connectivity between the two ports"]
A4: C003 | B4: The trunk between SW1 and SW2 is not carrying VLAN 20 at all, so VLAN 20 traffic never crosses the link. | C4: medium | D4: Layer 2 | E4: Both switches show VLAN20 configured locally; assumed the trunk's allowed-VLAN list excludes VLAN 20. | F4: show interfaces trunk | G4: ["check switchport trunk allowed vlan on both ends", "add vlan 20 to the allowed list if missing", "re-test VLAN 20 connectivity across the trunk"]
A5: C004 | B5: Fa0/8 was never assigned to VLAN 40 and is sitting in default VLAN 1. | C5: high | D5: Layer 2 | E5: show vlan brief places fa0/8 under VLAN1; show run int fa0/8 has no access vlan command. | F5: show vlan brief | G5: ["interface fa0/8", "switchport access vlan 40", "confirm with show vlan brief", "re-test printer reachability"]
A6: C005 | B6: Router subinterface Gi0/0.10 (the VLAN 10 gateway) is administratively shut down. | C6: high | D6: Layer 3 | E6: show ip interface brief shows Gi0/0.10 administratively down; show run confirms a 'shutdown' line under that subinterface. | F6: show ip interface brief | G6: ["interface Gi0/0.10", "no shutdown", "confirm status is up/up", "re-test connectivity from VLAN 10 to other VLANs"]
A7: C006 | B7: PC3's default gateway (192.168.6.1) is on a different subnet than the router's real interface (192.168.5.1). | C7: high | D7: Layer 3 | E7: PC3 ipconfig gateway is 192.168.6.1 while R1 Gi0/1 is 192.168.5.1/24. | F7: show ip interface brief | G7: ["reconfigure PC3's gateway to 192.168.5.1", "if via DHCP, fix the default-router option on the pool", "re-test off-subnet connectivity"]
A8: C007 | B8: The laptop's gateway address has a typo (172.16.1.001) and never matches the router's real interface (172.16.1.1). | C8: high | D8: Layer 3 | E8: Laptop ipconfig shows gateway 172.16.1.001 vs router Gi0/0 at 172.16.1.1. | F8: ipconfig /all | G8: ["correct the static gateway to 172.16.1.1", "or switch the laptop to DHCP", "re-test connectivity beyond the local subnet"]
A9: C008 | B9: Branch router Gi0/1, the LAN gateway interface, is line-protocol down. | C9: high | D9: Layer 1/2 | E9: show ip int brief reports Gi0/1 down/down; log shows %LINK-3-UPDOWN changed state to down. | F9: show interfaces Gi0/1 | G9: ["check the physical cable/SFP on Gi0/1", "reseat or replace the cable", "no shutdown if administratively disabled", "confirm up/up and re-test LAN connectivity"]
A10: C009 | B10: PC5's default gateway address is wrong; it should point at 192.168.20.1 like the router interface shows. | C10: medium | D10: Layer 3 | E10: PC5's gateway differs from what the router reports for that segment. | F10: ipconfig /all | G10: ["reconfigure PC5's gateway to match the router interface", "re-test connectivity"]
A11: C010 | B11: The DHCP scope for VLAN 50 is fully leased out (50/50), so new clients fall back to APIPA. | C11: high | D11: Layer 3 | E11: show ip dhcp pool LAB50 reports leased 50 of 50; debug shows DHCPDISCOVER with no addresses available. | F11: show ip dhcp pool LAB50 | G11: ["enlarge the DHCP pool's address range", "or shorten the lease time to recycle stale leases", "clear expired bindings with clear ip dhcp binding *", "re-test that new clients receive an address"]
A12: C011 | B12: The router's own gateway address (10.10.60.1) was never excluded from the DHCP pool and got leased to a client. | C12: high | D12: Layer 3 | E12: show ip dhcp binding shows 10.10.60.1 leased to a client MAC; no ip dhcp excluded-address command is present for it. | F12: show ip dhcp binding | G12: ["ip dhcp excluded-address 10.10.60.1 10.10.60.10", "clear the bad lease with clear ip dhcp binding 10.10.60.1", "re-test that the client gets a different address"]
... A31: C030 | B31: The RADIUS server's shared secret was recently changed and needs to be updated on the WLC. | C31: low | D31: Layer 7 | E31: Multiple 802.1X authentication failures were logged, which could point to a RADIUS shared-secret mismatch. | F31: show run | include radius | G31: ["verify the RADIUS shared secret on the WLC matches the RADIUS server", "re-test authentication from an affected laptop"]

Sheet Rule_Checker
A1: case_id | B1: category | C1: duplicate_ip | D1: wrong_mask | E1: gateway_mismatch | F1: interface_down | G1: missing_vlan | H1: missing_route | I1: flags_raised | J1: clean
A2: C001 | B2: VLAN | C2: =FALSE() -> FALSE | D2: =FALSE() -> FALSE | E2: =FALSE() -> FALSE | F2: =FALSE() -> FALSE | G2: =TRUE() -> TRUE | H2: =FALSE() -> FALSE | I2: missing_vlan | J2: =FALSE() -> FALSE
A3: C002 | B3: VLAN | C3: =FALSE() -> FALSE | D3: =FALSE() -> FALSE | E3: =FALSE() -> FALSE | F3: =FALSE() -> FALSE | G3: =TRUE() -> TRUE | H3: =FALSE() -> FALSE | I3: missing_vlan | J3: =FALSE() -> FALSE
A4: C003 | B4: VLAN | C4: =FALSE() -> FALSE | D4: =FALSE() -> FALSE | E4: =FALSE() -> FALSE | F4: =FALSE() -> FALSE | G4: =FALSE() -> FALSE | H4: =FALSE() -> FALSE | J4: =TRUE() -> TRUE
A5: C004 | B5: VLAN | C5: =FALSE() -> FALSE | D5: =FALSE() -> FALSE | E5: =FALSE() -> FALSE | F5: =FALSE() -> FALSE | G5: =TRUE() -> TRUE | H5: =FALSE() -> FALSE | I5: missing_vlan | J5: =FALSE() -> FALSE
A6: C005 | B6: VLAN | C6: =FALSE() -> FALSE | D6: =FALSE() -> FALSE | E6: =FALSE() -> FALSE | F6: =TRUE() -> TRUE | G6: =FALSE() -> FALSE | H6: =FALSE() -> FALSE | I6: interface_down | J6: =FALSE() -> FALSE
A7: C006 | B7: Gateway | C7: =FALSE() -> FALSE | D7: =FALSE() -> FALSE | E7: =TRUE() -> TRUE | F7: =FALSE() -> FALSE | G7: =FALSE() -> FALSE | H7: =FALSE() -> FALSE | I7: gateway_mismatch | J7: =FALSE() -> FALSE
A8: C007 | B8: Gateway | C8: =FALSE() -> FALSE | D8: =FALSE() -> FALSE | E8: =TRUE() -> TRUE | F8: =FALSE() -> FALSE | G8: =FALSE() -> FALSE | H8: =FALSE() -> FALSE | I8: gateway_mismatch | J8: =FALSE() -> FALSE
A9: C008 | B9: Gateway | C9: =FALSE() -> FALSE | D9: =FALSE() -> FALSE | E9: =FALSE() -> FALSE | F9: =TRUE() -> TRUE | G9: =FALSE() -> FALSE | H9: =FALSE() -> FALSE | I9: interface_down | J9: =FALSE() -> FALSE
A10: C009 | B10: Gateway | C10: =FALSE() -> FALSE | D10: =TRUE() -> TRUE | E10: =FALSE() -> FALSE | F10: =FALSE() -> FALSE | G10: =FALSE() -> FALSE | H10: =FALSE() -> FALSE | I10: wrong_mask | J10: =FALSE() -> FALSE
A11: C010 | B11: DHCP | C11: =FALSE() -> FALSE | D11: =TRUE() -> TRUE | E11: =FALSE() -> FALSE | F11: =FALSE() -> FALSE | G11: =FALSE() -> FALSE | H11: =FALSE() -> FALSE | I11: wrong_mask | J11: =FALSE() -> FALSE
A12: C011 | B12: DHCP | C12: =TRUE() -> TRUE | D12: =FALSE() -> FALSE | E12: =FALSE() -> FALSE | F12: =FALSE() -> FALSE | G12: =FALSE() -> FALSE | H12: =FALSE() -> FALSE | I12: duplicate_ip | J12: =FALSE() -> FALSE
A13: C012 | B13: DHCP | C13: =FALSE() -> FALSE | D13: =FALSE() -> FALSE | E13: =FALSE() -> FALSE | F13: =FALSE() -> FALSE | G13: =FALSE() -> FALSE | H13: =FALSE() -> FALSE | J13: =TRUE() -> TRUE
A14: C013 | B14: DHCP | C14: =FALSE() -> FALSE | D14: =FALSE() -> FALSE | E14: =TRUE() -> TRUE | F14: =FALSE() -> FALSE | G14: =FALSE() -> FALSE | H14: =FALSE() -> FALSE | I14: gateway_mismatch | J14: =FALSE() -> FALSE
A15: C014 | B15: DNS | C15: =FALSE() -> FALSE | D15: =FALSE() -> FALSE | E15: =FALSE() -> FALSE | F15: =FALSE() -> FALSE | G15: =FALSE() -> FALSE | H15: =FALSE() -> FALSE | J15: =TRUE() -> TRUE
A16: C015 | B16: DNS | C16: =FALSE() -> FALSE | D16: =FALSE() -> FALSE | E16: =FALSE() -> FALSE | F16: =FALSE() -> FALSE | G16: =FALSE() -> FALSE | H16: =FALSE() -> FALSE | J16: =TRUE() -> TRUE
A17: C016 | B17: DNS | C17: =FALSE() -> FALSE | D17: =FALSE() -> FALSE | E17: =FALSE() -> FALSE | F17: =FALSE() -> FALSE | G17: =FALSE() -> FALSE | H17: =FALSE() -> FALSE | J17: =TRUE() -> TRUE
A18: C017 | B18: DNS | C18: =FALSE() -> FALSE | D18: =FALSE() -> FALSE | E18: =FALSE() -> FALSE | F18: =FALSE() -> FALSE | G18: =FALSE() -> FALSE | H18: =FALSE() -> FALSE | J18: =TRUE() -> TRUE
A19: C018 | B19: Routing | C19: =FALSE() -> FALSE | D19: =FALSE() -> FALSE | E19: =FALSE() -> FALSE | F19: =FALSE() -> FALSE | G19: =FALSE() -> FALSE | H19: =TRUE() -> TRUE | I19: missing_route | J19: =FALSE() -> FALSE
A20: C019 | B20: Routing | C20: =FALSE() -> FALSE | D20: =FALSE() -> FALSE | E20: =FALSE() -> FALSE | F20: =FALSE() -> FALSE | G20: =FALSE() -> FALSE | H20: =TRUE() -> TRUE | I20: missing_route | J20: =FALSE() -> FALSE
A21: C020 | B21: Routing | C21: =FALSE() -> FALSE | D21: =FALSE() -> FALSE | E21: =FALSE() -> FALSE | F21: =FALSE() -> FALSE | G21: =FALSE() -> FALSE | H21: =FALSE() -> FALSE | J21: =TRUE() -> TRUE
A22: C021 | B22: Routing | C22: =FALSE() -> FALSE | D22: =FALSE() -> FALSE | E22: =FALSE() -> FALSE | F22: =FALSE() -> FALSE | G22: =FALSE() -> FALSE | H22: =FALSE() -> FALSE | J22: =TRUE() -> TRUE
A23: C022 | B23: ACL | C23: =FALSE() -> FALSE | D23: =FALSE() -> FALSE | E23: =FALSE() -> FALSE | F23: =FALSE() -> FALSE | G23: =FALSE() -> FALSE | H23: =FALSE() -> FALSE | J23: =TRUE() -> TRUE
A24: C023 | B24: ACL | C24: =FALSE() -> FALSE | D24: =FALSE() -> FALSE | E24: =FALSE() -> FALSE | F24: =FALSE() -> FALSE | G24: =FALSE() -> FALSE | H24: =FALSE() -> FALSE | J24: =TRUE() -> TRUE
A25: C024 | B25: ACL | C25: =FALSE() -> FALSE | D25: =FALSE() -> FALSE | E25: =FALSE() -> FALSE | F25: =FALSE() -> FALSE | G25: =FALSE() -> FALSE | H25: =FALSE() -> FALSE | J25: =TRUE() -> TRUE
A26: C025 | B26: ACL | C26: =FALSE() -> FALSE | D26: =FALSE() -> FALSE | E26: =FALSE() -> FALSE | F26: =FALSE() -> FALSE | G26: =FALSE() -> FALSE | H26: =FALSE() -> FALSE | J26: =TRUE() -> TRUE
A27: C026 | B27: NAT | C27: =FALSE() -> FALSE | D27: =FALSE() -> FALSE | E27: =FALSE() -> FALSE | F27: =FALSE() -> FALSE | G27: =FALSE() -> FALSE | H27: =FALSE() -> FALSE | J27: =TRUE() -> TRUE
A28: C027 | B28: NAT | C28: =FALSE() -> FALSE | D28: =FALSE() -> FALSE | E28: =FALSE() -> FALSE | F28: =FALSE() -> FALSE | G28: =FALSE() -> FALSE | H28: =FALSE() -> FALSE | J28: =TRUE() -> TRUE
A29: C028 | B29: NAT | C29: =FALSE() -> FALSE | D29: =FALSE() -> FALSE | E29: =FALSE() -> FALSE | F29: =FALSE() -> FALSE | G29: =FALSE() -> FALSE | H29: =FALSE() -> FALSE | J29: =TRUE() -> TRUE
A30: C029 | B30: Wireless | C30: =FALSE() -> FALSE | D30: =FALSE() -> FALSE | E30: =FALSE() -> FALSE | F30: =FALSE() -> FALSE | G30: =FALSE() -> FALSE | H30: =FALSE() -> FALSE | J30: =TRUE() -> TRUE
A31: C030 | B31: Wireless | C31: =FALSE() -> FALSE | D31: =FALSE() -> FALSE | E31: =FALSE() -> FALSE | F31: =FALSE() -> FALSE | G31: =FALSE() -> FALSE | H31: =FALSE() -> FALSE | J31: =TRUE() -> TRUE

Sheet Human_Review
A1: case_id | B1: review_status | C1: corrected_root_cause | D1: reviewer_notes
A2: C001 | B2: Accepted | D2: AI matched the case exactly, evidence citation is precise.
A3: C002 | B3: Accepted | D3: Correct diagnosis; fix steps are the standard VLAN-creation sequence.
A4: C003 | B4: Rejected | C4: Native VLAN mismatch on the trunk (VLAN 1 on SW1 vs VLAN 99 on SW2) is causing VLAN 20 traffic to be mishandled, not a missing-VLAN-on-trunk issue. | D4: AI guessed 'VLAN 20 not in the allowed list' without evidence for it, and missed the CDP native-VLAN-mismatch warning that was explicitly in the show_output. Confidence was appropriately only medium, which is why this got caught before being applied.
A5: C004 | B5: Accepted | D5: Correct and matches the show vlan brief evidence directly.
A6: C005 | B6: Accepted | D6: Correct; administratively down subinterface is unambiguous in the evidence.
A7: C006 | B7: Edited | C7: Same root cause, but reviewer added: 'if DHCP is in use for this segment, also check the pool's default-router option, not just the static config.' | D7: AI's diagnosis was correct; edited to broaden the fix so it still applies if the gateway turns out to be DHCP-assigned rather than static, since the case evidence didn't fully rule that out.
A8: C007 | B8: Accepted | D8: Correct; the .001 typo is called out precisely.
A9: C008 | B9: Accepted | D9: Correct; matches the down/down interface and log line directly.
A10: C009 | B10: Rejected | C10: PC5 has the wrong subnet mask (/24 instead of /25) for a subnet that was split into two /25 blocks, so it wrongly treats the gateway as on-link. The gateway IP itself is correct. | D10: AI treated this as a generic 'wrong gateway IP' case and told the engineer to change the gateway address, which was already correct. The actual evidence (router interface using a /25 mask on a /24-looking network) points to a mask problem, not a gateway-address problem. This is a classic case where surface-level pattern matching ('gateway issue') led the AI astray on a subtler root cause.
A11: C010 | B11: Accepted | D11: Correct; pool exhaustion is directly shown in show ip dhcp pool.
A12: C011 | B12: Edited | C12: Same root cause, reviewer reordered fix_steps: exclude the address FIRST, then clear the bad binding, so a new client doesn't grab the same range again mid-fix. | D12: AI's diagnosis and fix were both correct in substance; edited only for operational sequencing.
A13: C012 | B13: Accepted | D13: Correct; missing ip helper-address is the textbook cause and matches the debug evidence.
A14: C013 | B14: Rejected | C14: The DHCP pool LAB80 is advertising the wrong default-router option (10.10.80.254) instead of the router's real interface (10.10.80.1), so clients get an IP but no working gateway. | D14: AI hedged with low confidence and a vague 'review the DHCP pool configuration' fix instead of committing to a specific hypothesis, even though the show_output directly contained the mismatched default-router line. This is logged as an under-confident miss: the evidence was sufficient to reach 'high' confidence and a specific fix, and the AI should not have needed a human to point at output that was already provided.
A15: C014 | B15: Accepted | D15: Correct; DNS server unreachability is directly evidenced by the failed ping.
A16: C015 | B16: Accepted | D16: Correct; the transposed digits are called out precisely.
A17: C016 | B17: Edited | C17: Same root cause, reviewer added: 'confirm no other ACL later in the chain also blocks port 53 before declaring the fix complete.' | D17: AI's diagnosis was correct and directly evidenced; edited to add a verification step reviewers want before sign-off on security-related ACL changes.
A18: C017 | B18: Accepted | D18: Correct; missing A record is unambiguous from the DNS zone check.
A19: C018 | B19: Accepted | D19: Correct; missing static route is directly shown in show ip route.
A20: C019 | B20: Rejected | C20: OSPF IS configured on the interface (ip ospf 1 area 0 is present); the real problem is a subnet mask mismatch (/29 vs /30) between R1 and R2, which prevents the adjacency from forming even though OSPF is running. | D20: AI concluded 'OSPF not enabled' from an empty neighbor table alone, without reading the more specific detail in show_output that OSPF WAS configured on the interface but with a typo'd mask. This is a case of the AI reaching for the most common explanation for 'no OSPF neighbors' instead of reading the specific evidence given, and it's exactly the kind of error the workflow's rule checker is designed to catch independently (see rule_checker.py mask-mismatch check).
A21: C020 | B21: Accepted | D21: Correct; the failed ping to the configured next-hop is direct evidence.
A22: C021 | B22: Edited | C22: Same root cause, reviewer tightened confidence language: kept at medium but added 'confirm by temporarily removing the route-map and re-testing' as an explicit validation step before deploying the fix in production. | D22: AI's diagnosis was correct given the traceroute asymmetry; edited to require validation before a production change, per team policy on policy-routing edits.
A23: C022 | B23: Accepted | D23: Correct; the ACL only permitting 443 and the climbing implicit-deny counter are decisive evidence.
A24: C023 | B24: Rejected | C24: The ACL DOES include a deny statement for host 10.10.12.50 (line 20), but a broader permit for the whole subnet (line 10) comes first and matches before the deny is ever evaluated. It's a statement-ORDER problem, not a missing statement. | D24: AI said the deny line was missing entirely, but the show_output clearly listed both lines with their order. This is a comprehension error, not a knowledge gap -- the fix the AI proposed (re-add a deny) would have done nothing, since a deny for that host already existed further down the list.
A25: C024 | B25: Accepted | D25: Correct; the 'out' vs 'in' direction is explicit in the running config.
A26: C025 | B26: Edited | C26: Same root cause, reviewer added a preferred fix: recommend a reflexive ACL as the primary option rather than a second static permit line, since it's the more correct long-term fix for return traffic. | D26: AI's diagnosis was correct; edited to prefer the safer, standard fix (reflexive ACL) over a second broad static permit that would widen the attack surface.
A27: C026 | B27: Accepted | D27: Correct; missing NAT inside/outside interface roles are directly shown.
A28: C027 | B28: Rejected | C28: NAT overload IS enabled; the problem is that access-list 1 only matches the first 16 addresses of the /24 subnet (wrong wildcard mask 0.0.0.15 instead of 0.0.0.255), so most hosts are never selected for translation. | D28: AI concluded NAT was 'not enabled at all,' but the show_output explicitly included the ip nat inside source list 1 ... overload line, proving NAT was configured. The actual defect was in the ACL's wildcard mask, which the AI did not examine closely enough. Proposed fix would have been a no-op since NAT was already on.
A29: C028 | B29: Accepted | D29: Correct; missing static NAT/port-forward entry is unambiguous.
A30: C029 | B30: Accepted | D30: Correct and high-severity; matches the WLAN interface mapping evidence exactly.
A31: C030 | B31: Edited | C31: Corrected root cause: affected laptops are using a STALE CACHED Wi-Fi profile from last semester, not a RADIUS shared-secret mismatch on the WLC side (a secret mismatch would fail ALL clients, not just a subset). | D31: AI proposed a shared-secret mismatch, but that would cause every client to fail, not just a subset with old cached profiles. Kept as 'Edited' rather than 'Rejected' because the AI correctly identified the layer (802.1X/RADIUS, Layer 7) and the diagnostic direction, just not the precise mechanism -- the reviewer's correction is a refinement of a mostly-right answer.
